timestamp,motor_rpm,spool_rpm,total_turns_motor,total_turns_spool,cable_length,switch_active,z_ref,current
0.5237996578216553,0.0,0.0,0.0,0.0,0.0,False,0.0,0.0
0.6259026527404785,1.2651140615344048,0.0,0.0012767910957336426,0.0,0.0,False,0.0,0.0
0.7279040813446045,0.011181315639987588,0.0,0.0013332366943359375,0.0,0.0,False,0.0,0.0
0.829913854598999,0.8082453534007072,0.0,0.0013590455055236816,0.0,0.0,False,0.0,0.0
0.931936502456665,1.4461643993854523,0.0,0.0013856887817382812,0.0,0.0,False,0.0,0.0
1.033940076828003,-1.297735534608364,0.0,0.0015407800674438477,0.0,0.0,False,0.0,0.0
1.1357934474945068,-1.6584932059049606,0.0,0.0016848444938659668,0.0,0.0,False,0.0,-0.0011213384568691254
1.2371625900268555,-0.9177564829587936,0.0,0.0017151832580566406,0.0,0.0,False,0.0,-0.013383140787482262
1.3384954929351807,-0.8690297417342663,0.0,0.0017516613006591797,0.0,0.0,False,0.0,-0.019218912348151207
1.439847469329834,-0.7849877513945103,0.0,0.0017715096473693848,0.0,0.0,False,0.0,-0.012326614931225777
1.540945291519165,0.7554946839809418,0.0,0.001792609691619873,0.0,0.0,False,0.0,-0.016311822459101677
1.642568588256836,-1.9311851263046265,0.0,0.0020642876625061035,0.0,0.0,False,0.0,-0.05006403475999832
1.7436633110046387,0.4403349291533232,0.0,0.0021252036094665527,0.0,0.0,False,0.0,-0.018641894683241844
1.8449556827545166,-0.42735982686281204,0.0,0.002167046070098877,0.0,0.0,False,0.0,-0.03806537017226219
1.946657657623291,3.07739295065403,0.0,0.002309560775756836,0.0,0.0,False,0.0,-0.020391633734107018
2.0479953289031982,-0.47251006588339806,0.0,0.002323448657989502,0.0,0.0,False,0.0,-0.04203856736421585
2.1493723392486572,1.1654254049062729,0.0,0.0024759769439697266,0.0,0.0,False,0.0,-0.03871849179267883
2.2507245540618896,0.1569149550050497,0.0,0.0024856925010681152,0.0,0.0,False,0.0,-0.043449144810438156
2.352109432220459,0.20027740392833948,0.0,0.002656698226928711,0.0,0.0,False,0.0,-0.05095980316400528
2.453439235687256,-1.717502698302269,0.0,0.0027170777320861816,0.0,0.0,False,0.0,-0.06762602925300598
2.5551719665527344,0.8592065423727036,0.0,0.0028382539749145508,0.0,0.0,False,0.0,-0.0456872284412384
2.657031774520874,-1.6906799376010895,0.0,0.0029100775718688965,0.0,0.0,False,0.0,-0.06868229061365128
2.7589406967163086,-0.11488266522064805,0.0,0.002933323383331299,0.0,0.0,False,0.0,-0.050566915422677994
2.861077308654785,2.804255336523056,0.0,0.0029398202896118164,0.0,0.0,False,0.0,-0.02123747579753399
2.9622621536254883,0.1864186953753233,0.0,0.004099607467651367,0.0,0.0,False,0.0,-0.08541954308748245
3.0633351802825928,1.9329842180013657,0.0,0.0042136311531066895,0.0,0.0,False,0.0,-0.08715818077325821
3.164598226547241,1.9356666505336761,0.0,0.004664182662963867,0.0,0.0,False,0.0,-0.05938929319381714
3.265989065170288,-1.0697487741708755,0.0,0.004767119884490967,0.0,0.0,False,0.0,-0.10840532928705215
3.368015766143799,0.9338618069887161,0.0,0.004947543144226074,0.0,0.0,False,0.0,-0.08371298015117645
3.469672203063965,0.5301890708506107,0.0,0.005008101463317871,0.0,0.0,False,0.0,-0.08604614436626434
3.571373224258423,1.197611689567566,0.0,0.005249977111816406,0.0,0.0,False,0.0,-0.07252936065196991
3.673091411590576,-1.367473416030407,0.0,0.005330026149749756,0.0,0.0,False,0.0,-0.09475277364253998
3.7744483947753906,1.624978445470333,0.0,0.005407452583312988,0.0,0.0,False,0.0,-0.08270208537578583
3.8761579990386963,0.4309482593089342,0.0,0.005446493625640869,0.0,0.0,False,0.0,-0.07332174479961395
3.9772346019744873,-0.6656280532479286,0.0,0.0055460333824157715,0.0,0.0,False,0.0,-0.08184802532196045
4.078508615493774,-3.1824342906475067,0.0,0.005693495273590088,0.0,0.0,False,0.0,-0.11973248422145844
4.17961573600769,-0.16092580743134022,0.0,0.005800127983093262,0.0,0.0,False,0.0,-0.0820654109120369
4.281240224838257,-0.20697029773145914,0.0,0.005959570407867432,0.0,0.0,False,0.0,-0.05499841272830963
4.3823325634002686,0.6102101504802704,0.0,0.006010770797729492,0.0,0.0,False,0.0,-0.04134323447942734
4.483599662780762,0.9186645783483982,0.0,0.006093025207519531,0.0,0.0,False,0.0,-0.06328269839286804
4.584970235824585,-1.779637522995472,0.0,0.0062004923820495605,0.0,0.0,False,0.0,-0.08349914103746414
4.686058044433594,0.20787970628589392,0.0,0.006250858306884766,0.0,0.0,False,0.0,-0.043596044182777405
4.787368297576904,0.527062900364399,0.0,0.006274700164794922,0.0,0.0,False,0.0,-0.04660633206367493
4.888724327087402,1.9338816404342651,0.0,0.0063266754150390625,0.0,0.0,False,0.0,-0.035708557814359665
4.990099668502808,-1.4465957880020142,0.0,0.0064430832862854,0.0,0.0,False,0.0,-0.07494255155324936
5.091461896896362,-2.209238111972809,0.0,0.006484687328338623,0.0,0.0,False,0.0,-0.06590026617050171
5.1925928592681885,0.5851768143475056,0.0,0.006523489952087402,0.0,0.0,False,0.0,-0.04483310133218765
5.293859481811523,0.8779848553240299,0.0,0.006528794765472412,0.0,0.0,False,0.0,-0.047856405377388
5.394934177398682,0.34154302440583706,0.0,0.00653606653213501,0.0,0.0,False,0.0,-0.048383187502622604
5.495962619781494,-1.639268472790718,0.0,0.006576955318450928,0.0,0.0,False,0.0,-0.0645877793431282
5.597235679626465,-1.9383345544338226,0.0,0.006600677967071533,0.0,0.0,False,0.0,-0.04870693385601044
5.698949813842773,-0.36924228072166443,0.0,0.006607472896575928,0.0,0.0,False,0.0,-0.039122067391872406
5.800281047821045,0.4224566090852022,0.0,0.0066103339195251465,0.0,0.0,False,0.0,-0.02977728098630905
5.901426792144775,2.048322558403015,0.0,0.0066179633140563965,0.0,0.0,False,0.0,-0.018414847552776337
6.002666234970093,-1.3495895639061928,0.0,0.006660163402557373,0.0,0.0,False,0.0,-0.04548177868127823
6.104018211364746,1.9084002077579498,0.0,0.006776034832000732,0.0,0.0,False,0.0,-0.004834904335439205
6.205119371414185,-0.5207864753901958,0.0,0.0069206953048706055,0.0,0.0,False,0.0,-0.051228925585746765
6.306734323501587,-1.0710857436060905,0.0,0.006947457790374756,0.0,0.0,False,0.0,-0.0263984315097332
6.407843112945557,-1.5123086795210838,0.0,0.00697404146194458,0.0,0.0,False,0.0,-0.06310790032148361
6.509110450744629,0.2333627175539732,0.0,0.00699460506439209,0.0,0.0,False,0.0,-0.027195420116186142
6.610809564590454,0.5641687475144863,0.0,0.007006168365478516,0.0,0.0,False,0.0,-0.02818804234266281
6.712837219238281,-3.2025470584630966,0.0,0.007031500339508057,0.0,0.0,False,0.0,-0.040208492428064346
6.8154137134552,-1.9986820220947266,0.0,0.007059693336486816,0.0,0.0,False,0.0,-0.042580634355545044
6.917647123336792,1.464497298002243,0.0,0.007156848907470703,0.0,0.0,False,0.0,-0.00772111676633358
7.020147323608398,0.03756250720471144,0.0,0.007275819778442383,0.0,0.0,False,0.0,-0.02472355216741562
7.122336387634277,0.044268372002989054,0.0,0.007287561893463135,0.0,0.0,False,0.0,-0.00906170904636383
7.224869966506958,-2.6477761566638947,0.0,0.007372856140136719,0.0,0.0,False,0.0,-0.03557705506682396
7.327185153961182,2.4730081111192703,0.0,0.007445573806762695,0.0,0.0,False,0.0,0.003005770267918706
7.429651498794556,-1.2883425503969193,0.0,0.007573902606964111,0.0,0.0,False,0.0,-0.025457408279180527
7.531904697418213,-1.892733871936798,0.0,0.007633984088897705,0.0,0.0,False,0.0,-0.03797627612948418
7.634103298187256,0.1613909611478448,0.0,0.00767970085144043,0.0,0.0,False,0.0,-0.012522084638476372
7.736986398696899,-1.9115102291107178,0.0,0.007734954357147217,0.0,0.0,False,0.0,-0.013749205507338047
7.838484048843384,0.33081703819334507,0.0,0.007839500904083252,0.0,0.0,False,0.0,-0.01564686745405197
7.939570903778076,-0.3410767950117588,0.0,0.007908880710601807,0.0,0.0,False,0.0,-0.012486374005675316
8.040820598602295,-0.4085788317024708,0.0,0.007944583892822266,0.0,0.0,False,0.0,-0.0174088254570961
8.142183542251587,1.1225149780511856,0.0,0.008032381534576416,0.0,0.0,False,0.0,0.0006216156762093306
8.243563652038574,-4.085441529750824,0.0,0.008039593696594238,0.0,0.0,False,0.0,-0.05552579089999199
8.344649314880371,-1.8060112372040749,0.0,0.008096575736999512,0.0,0.0,False,0.0,-0.021588724106550217
8.445903539657593,1.6880138218402863,0.0,0.008167743682861328,0.0,0.0,False,0.0,0.013810968026518822
8.54727816581726,0.21816393826156855,0.0,0.00819629430770874,0.0,0.0,False,0.0,0.0011587096378207207
8.648643255233765,0.3589795622974634,0.0,0.008294165134429932,0.0,0.0,False,0.0,-0.0029979972168803215
8.750332355499268,-1.7559418827295303,0.0,0.008368611335754395,0.0,0.0,False,0.0,-0.027784796431660652
8.85236406326294,-1.0174412280321121,0.0,0.00845634937286377,0.0,0.0,False,0.0,-0.024007460102438927
8.954020977020264,1.8704049289226532,0.0,0.008472621440887451,0.0,0.0,False,0.0,0.029259324073791504
9.055729627609253,0.11176967527717352,0.0,0.00858229398727417,0.0,0.0,False,0.0,-0.003071613609790802
9.15679144859314,-2.128768488764763,0.0,0.008621037006378174,0.0,0.0,False,0.0,-0.029426952823996544
9.258059024810791,0.6991740502417088,0.0,0.008682489395141602,0.0,0.0,False,0.0,-0.0027722977101802826
9.359479427337646,-1.8489250168204308,0.0,0.008684873580932617,0.0,0.0,False,0.0,-0.027795856818556786
9.461494207382202,0.2740431111305952,0.0,0.008749902248382568,0.0,0.0,False,0.0,-0.0021931789815425873
9.562578678131104,-2.312500476837158,0.0,0.00882941484451294,0.0,0.0,False,0.0,-0.04081451892852783
9.66386866569519,0.8694937080144882,0.0,0.008946597576141357,0.0,0.0,False,0.0,0.0008031441830098629
9.767114639282227,-0.4193081706762314,0.0,0.009011626243591309,0.0,0.0,False,0.0,-0.038038622587919235
9.868099451065063,-0.5261493846774101,0.0,0.00906217098236084,0.0,0.0,False,0.0,-0.012059731408953667
9.969162702560425,-1.031745783984661,0.0,0.009148657321929932,0.0,0.0,False,0.0,-0.022796515375375748
10.070119619369507,0.7568403147161007,0.0,0.009170472621917725,0.0,0.0,False,0.0,-0.012205692939460278
10.171141624450684,1.638840101659298,0.0,0.009243309497833252,0.0,0.0,False,0.0,0.00037658819928765297
10.272174596786499,1.5632909908890724,0.0,0.009329676628112793,0.0,0.0,False,0.0,-0.01077505387365818
10.373183012008667,1.0004741325974464,0.0,0.009365737438201904,0.0,0.0,False,0.0,-0.029955381527543068
10.474212169647217,-1.9521912932395935,0.0,0.00939100980758667,0.0,0.0,False,0.0,-0.02757428213953972
10.575226783752441,-0.20428502932190895,0.0,0.009392082691192627,0.0,0.0,False,0.0,-0.03539301082491875
10.676259756088257,1.8239124119281769,0.0,0.009402632713317871,0.0,0.0,False,0.0,-0.021215595304965973
10.77726674079895,1.5011532604694366,0.0,0.009480416774749756,0.0,0.0,False,0.0,-0.00780161889269948
10.878294706344604,-0.4291432164609432,0.0,0.009482204914093018,0.0,0.0,False,0.0,-0.02272029034793377
10.979318857192993,-0.849801991134882,0.0,0.009536206722259521,0.0,0.0,False,0.0,-0.03953943029046059
11.080334186553955,-5.618323981761932,0.0,0.011023283004760742,0.0,0.0,False,0.0,-0.16686183214187622
11.18136715888977,-1.0411351919174194,0.0,0.012654721736907959,0.0,0.0,False,0.0,-0.1520259529352188
11.28239393234253,0.1663052709773183,0.0,0.013723492622375488,0.0,0.0,False,0.0,-0.22112838923931122
11.383429050445557,-0.22708574775606394,0.0,0.014064490795135498,0.0,0.0,False,0.0,-0.29197782278060913
11.484431266784668,-1.56684972345829,0.0,0.014125227928161621,0.0,0.0,False,0.0,-0.3488909602165222
11.585460901260376,3.570922315120697,0.0,0.0208282470703125,0.0,0.0,False,0.0,-0.12368667870759964
11.686484575271606,-0.488154049962759,0.0,0.023818492889404297,0.0,0.0,False,0.0,-0.04828068986535072
11.787986516952515,-1.0232550278306007,0.0,0.02397632598876953,0.0,0.0,False,0.0,-0.0022976230829954147
11.889009714126587,-0.9933046996593475,0.0,0.02521592378616333,0.0,0.0,False,0.0,0.0018154224380850792
11.990031242370605,0.763094387948513,0.0,0.026504158973693848,0.0,0.0,False,0.0,0.02664584293961525
12.091055154800415,0.03800347913056612,0.0,0.02772587537765503,0.0,0.0,False,0.0,0.02563285268843174
12.191912651062012,-1.0093991830945015,0.0,0.02825474739074707,0.0,0.0,False,0.0,0.023604143410921097
12.292805194854736,1.6044128313660622,0.0,0.028693735599517822,0.0,0.0,False,0.0,0.02047111466526985
12.393707513809204,0.0008992591938294936,0.0,0.028848707675933838,0.0,0.0,False,0.0,0.00699249841272831
12.494694709777832,-0.7452024333178997,0.0,0.028874874114990234,0.0,0.0,False,0.0,0.014079139567911625
12.595718622207642,1.4962301775813103,0.0,0.02888643741607666,0.0,0.0,False,0.0,0.037111278623342514
12.69673466682434,1.4126353338360786,0.0,0.0291290283203125,0.0,0.0,False,0.0,0.002292548306286335
12.79774260520935,1.4229171350598335,0.0,0.029169321060180664,0.0,0.0,False,0.0,0.030717145651578903
12.898764610290527,0.3071180731058121,0.0,0.02917194366455078,0.0,0.0,False,0.0,0.011750458739697933
12.999787092208862,-0.7899056933820248,0.0,0.02921360731124878,0.0,0.0,False,0.0,-0.0065090591087937355
13.100666761398315,1.4260455965995789,0.0,0.029322445392608643,0.0,0.0,False,0.0,0.021001800894737244
13.20161747932434,-1.80646363645792,0.0,0.029437601566314697,0.0,0.0,False,0.0,-0.02218237705528736
13.30284571647644,1.6039659082889557,0.0,0.02945762872695923,0.0,0.0,False,0.0,0.012002685107290745
13.403863191604614,3.2030092924833298,0.0,0.029517650604248047,0.0,0.0,False,0.0,0.016207808628678322
13.504887104034424,1.0044924169778824,0.0,0.029605746269226074,0.0,0.0,False,0.0,0.02824503742158413
13.605895042419434,1.7197482660412788,0.0,0.02969491481781006,0.0,0.0,False,0.0,0.007630340754985809
13.70677137374878,1.4676207304000854,0.0,0.029820263385772705,0.0,0.0,False,0.0,0.019115367904305458
13.80779480934143,0.08270656457170844,0.0,0.029912471771240234,0.0,0.0,False,0.0,0.0145398685708642
13.908987283706665,-2.254391312599182,0.0,0.030030548572540283,0.0,0.0,False,0.0,-0.06205372512340546
14.009992599487305,-1.5078434720635414,0.0,0.030070126056671143,0.0,0.0,False,0.0,-0.02637770213186741
14.111006259918213,0.3822198696434498,0.0,0.030137717723846436,0.0,0.0,False,0.0,0.0001272002700716257
14.212045192718506,-0.5909749120473862,0.0,0.03018087148666382,0.0,0.0,False,0.0,-0.026246637105941772
14.313060522079468,-1.3697099313139915,0.0,0.03018355369567871,0.0,0.0,False,0.0,-0.02508588135242462
14.414077520370483,-0.7402852177619934,0.0,0.03023838996887207,0.0,0.0,False,0.0,-0.023895198479294777
14.515590906143188,-0.1470699906349182,0.0,0.03032064437866211,0.0,0.0,False,0.0,-0.0091771949082613
14.61661148071289,-0.05766277899965644,0.0,0.030345499515533447,0.0,0.0,False,0.0,-0.011799679137766361
14.717633724212646,0.30532971024513245,0.0,0.030352532863616943,0.0,0.0,False,0.0,-0.03333496302366257
14.818527698516846,-1.044716164469719,0.0,0.03039342164993286,0.0,0.0,False,0.0,-0.022088918834924698
14.919981241226196,1.303558275103569,0.0,0.03048992156982422,0.0,0.0,False,0.0,-0.0038488488644361496
15.021000385284424,0.6151255220174789,0.0,0.030500948429107666,0.0,0.0,False,0.0,-0.002349790185689926
15.122019529342651,-1.0277271643280983,0.0,0.030546903610229492,0.0,0.0,False,0.0,-0.029593031853437424
15.222901582717896,2.2164051979780197,0.0,0.030597150325775146,0.0,0.0,False,0.0,0.011621041223406792
15.323826551437378,-1.5467342734336853,0.0,0.030677080154418945,0.0,0.0,False,0.0,-0.023231998085975647
15.42533254623413,-2.2418734431266785,0.0,0.030749201774597168,0.0,0.0,False,0.0,-0.03925963491201401
15.526350975036621,0.34064680337905884,0.0,0.030762910842895508,0.0,0.0,False,0.0,-0.01038837805390358
15.62736463546753,2.3268230259418488,0.0,0.030812740325927734,0.0,0.0,False,0.0,-0.003844565711915493
15.728385210037231,1.075572520494461,0.0,0.030830681324005127,0.0,0.0,False,0.0,-0.00935814157128334
15.829401969909668,-1.290135718882084,0.0,0.03088909387588501,0.0,0.0,False,0.0,-0.03658837452530861
15.93042778968811,-2.1055273711681366,0.0,0.030954420566558838,0.0,0.0,False,0.0,-0.02730547823011875
16.03144407272339,-2.549879774451256,0.0,0.031067967414855957,0.0,0.0,False,0.0,-0.052467986941337585
16.132453680038452,-0.5967852473258972,0.0,0.0311506986618042,0.0,0.0,False,0.0,-0.03225794434547424
16.233476161956787,0.24900438264012337,0.0,0.031185388565063477,0.0,0.0,False,0.0,-0.012308506295084953
16.334491968154907,0.4211130738258362,0.0,0.031234681606292725,0.0,0.0,False,0.0,-0.007138213608413935
16.435513973236084,0.9441438317298889,0.0,0.031284332275390625,0.0,0.0,False,0.0,0.006412363611161709
16.53653836250305,0.4488295130431652,0.0,0.03130275011062622,0.0,0.0,False,0.0,-0.0268903486430645
16.63756561279297,1.8256963044404984,0.0,0.03135561943054199,0.0,0.0,False,0.0,-0.015081796795129776
16.73858618736267,-1.7273369058966637,0.0,0.031370580196380615,0.0,0.0,False,0.0,-0.017665620893239975
16.839618682861328,-1.195812039077282,0.0,0.03138035535812378,0.0,0.0,False,0.0,-0.0318862684071064
16.940636157989502,0.3236592002213001,0.0,0.03146171569824219,0.0,0.0,False,0.0,-0.030177244916558266
17.04165744781494,1.0402562096714973,0.0,0.031482994556427,0.0,0.0,False,0.0,-0.024890657514333725
17.142669439315796,-0.167184853926301,0.0,0.031581997871398926,0.0,0.0,False,0.0,-0.010862473398447037
17.243703842163086,-0.7210612669587135,0.0,0.03159606456756592,0.0,0.0,False,0.0,-0.013861189596354961
17.34519338607788,0.14842196367681026,0.0,0.03163987398147583,0.0,0.0,False,0.0,-0.03335210680961609
17.44621753692627,1.7090202122926712,0.0,0.03167766332626343,0.0,0.0,False,0.0,-0.004411888774484396
17.54723834991455,-1.2534790858626366,0.0,0.03172534704208374,0.0,0.0,False,0.0,-0.024890929460525513
17.648261308670044,-1.2056461349129677,0.0,0.03174334764480591,0.0,0.0,False,0.0,-0.030681515112519264
17.74927592277527,2.4631688743829727,0.0,0.031842708587646484,0.0,0.0,False,0.0,0.01125071756541729
17.85013699531555,-1.1430618166923523,0.0,0.03199130296707153,0.0,0.0,False,0.0,-0.0321168377995491
17.951014757156372,-0.003122437483398244,0.0,0.03204154968261719,0.0,0.0,False,0.0,-0.02410968579351902
18.051942825317383,-0.5435879342257977,0.0,0.03208279609680176,0.0,0.0,False,0.0,-0.008036449551582336
18.152910232543945,1.442587785422802,0.0,0.03209024667739868,0.0,0.0,False,0.0,-0.01652671955525875
18.253939867019653,-0.864559393376112,0.0,0.03212350606918335,0.0,0.0,False,0.0,-0.022958487272262573
18.35496234893799,1.255280077457428,0.0,0.03213667869567871,0.0,0.0,False,0.0,-0.009325132705271244
18.455965280532837,-0.08090687915682793,0.0,0.03214293718338013,0.0,0.0,False,0.0,-0.015317109413444996
18.556976079940796,-1.8931862711906433,0.0,0.03222548961639404,0.0,0.0,False,0.0,-0.04366559907793999
18.65798854827881,1.67057566344738,0.0,0.032232820987701416,0.0,0.0,False,0.0,-0.011466531082987785
18.75901508331299,1.1792846024036407,0.0,0.03225862979888916,0.0,0.0,False,0.0,-0.01678336411714554
18.86003303527832,-0.46133355237543583,0.0,0.032272160053253174,0.0,0.0,False,0.0,-0.016019316390156746
18.96107578277588,0.4184313118457794,0.0,0.03228193521499634,0.0,0.0,False,0.0,-0.027670415118336678
19.062074661254883,-1.2092229723930359,0.0,0.03237199783325195,0.0,0.0,False,0.0,-0.04491579160094261
19.163100719451904,-1.57892145216465,0.0,0.03243672847747803,0.0,0.0,False,0.0,-0.03847157582640648
19.26411247253418,1.1506735906004906,0.0,0.03253650665283203,0.0,0.0,False,0.0,-0.009584843181073666
19.365132570266724,-1.2525856867432594,0.0,0.0326385498046875,0.0,0.0,False,0.0,-0.03363046795129776
19.466160535812378,-0.3665630053728819,0.0,0.03267562389373779,0.0,0.0,False,0.0,-0.02548925206065178
19.56718420982361,1.3992250710725784,0.0,0.03280138969421387,0.0,0.0,False,0.0,-0.017719991505146027
19.66818642616272,-0.02145164937246591,0.0,0.03286921977996826,0.0,0.0,False,0.0,-0.01582045666873455
19.769225358963013,-1.5999320894479752,0.0,0.03293919563293457,0.0,0.0,False,0.0,-0.046370729804039
19.870239734649658,0.4443580750375986,0.0,0.03296142816543579,0.0,0.0,False,0.0,-0.026085127145051956
19.971264362335205,-0.4273608326911926,0.0,0.03296703100204468,0.0,0.0,False,0.0,-0.028475433588027954
20.07228970527649,0.07108270190656185,0.0,0.03298443555831909,0.0,0.0,False,0.0,-0.013325984589755535
20.17328643798828,-0.029946675058454275,0.0,0.03302806615829468,0.0,0.0,False,0.0,-0.023122228682041168
20.274806022644043,-20.606961250305176,0.0,0.03991943597793579,0.0,0.0,False,0.6,-0.0003127679228782654
20.375823736190796,-81.21158123016357,0.0,0.09568947553634644,0.0,0.0,False,0.6,-0.08758997917175293
20.47684335708618,-59.86365079879761,0.0,0.20445048809051514,0.0,0.0,False,0.6,-0.039140403270721436
20.577864408493042,-127.9874038696289,0.0,0.36029791831970215,0.0,0.0,False,0.6,-0.01565372943878174
20.678882122039795,-196.34286403656006,0.0,0.5698790550231934,0.0,0.0,False,0.6,-0.4360444247722626
20.779911756515503,-215.14245986938477,0.0,0.8299961090087891,0.0,0.0,False,0.6,-0.4228401780128479
20.8809335231781,-245.22428512573242,0.0,1.1411293745040894,0.0,0.0,False,0.6,-0.41907739639282227
20.98177433013916,-181.77722454071045,0.0,1.4988402128219604,0.0,0.0,False,0.6,0.4412892758846283
21.082638025283813,-200.28884410858154,0.0,1.9102275371551514,-1.0,-0.1413716694115407,False,0.6,0.5770025849342346
21.183552980422974,-304.8293209075928,0.0,2.3758856058120728,-1.0,-0.1413716694115407,False,0.6,-0.1730370819568634
21.284541845321655,-359.0984916687012,0.0,2.8883010149002075,-1.0,-0.1413716694115407,False,0.6,-0.2031092643737793
21.38555359840393,-375.1614475250244,0.0,3.4513553380966187,-1.0,-0.1413716694115407,False,0.6,0.052522920072078705
21.486582279205322,-373.3930492401123,0.0,4.07001793384552,-1.0,-0.1413716694115407,False,0.6,0.024479873478412628
21.587599515914917,-356.27949714660645,0.0,4.7359477281570435,-1.0,-0.1413716694115407,False,0.6,0.4731542766094208
21.688613176345825,-461.9740104675293,0.0,5.4564796686172485,-1.0,-0.1413716694115407,False,0.6,-0.13368093967437744
21.789636850357056,-528.2524681091309,0.0,6.225762486457825,-1.0,-0.1413716694115407,False,0.6,-0.38876256346702576
21.890642642974854,-455.76988220214844,73.99688908622053,7.043755650520325,-2.0,-0.2827433388230814,False,0.6,0.4101785719394684
21.99166965484619,-456.33713722229004,73.99688908622053,7.8822609186172485,-2.0,-0.2827433388230814,False,0.6,0.5318869352340698
22.09444308280945,-448.75133514404297,73.99688908622053,8.72620165348053,-2.0,-0.2827433388230814,False,0.6,0.34982621669769287
22.19589114189148,-561.1003875732422,73.99688908622053,9.585091233253479,-2.0,-0.2827433388230814,False,0.6,-0.4925583302974701
22.29763174057007,-540.7597732543945,73.99688908622053,10.41787874698639,-2.0,-0.2827433388230814,False,0.6,-0.45196813344955444
22.399299144744873,-468.1684112548828,73.99688908622053,11.219993233680725,-2.0,-0.2827433388230814,False,0.6,0.07117995619773865
22.500245094299316,-484.5490264892578,84.82893952466002,11.994125008583069,-3.0,-0.4241150082346221,False,0.6,-0.2016555368900299
22.60167407989502,-390.5918598175049,84.82893952466002,12.730160355567932,-3.0,-0.4241150082346221,False,0.6,0.3329203128814697
22.702754974365234,-394.91981506347656,84.82893952466002,13.439527153968811,-3.0,-0.4241150082346221,False,0.6,0.23686732351779938
22.804373025894165,-356.8589973449707,84.82893952466002,14.116036057472229,-3.0,-0.4241150082346221,False,0.6,0.4297081530094147
22.90547490119934,-320.7376956939697,84.82893952466002,14.76542055606842,-3.0,-0.4241150082346221,False,0.6,0.4945255517959595
23.006733417510986,-324.8258399963379,84.82893952466002,15.380701661109924,-3.0,-0.4241150082346221,False,0.6,0.31872519850730896
23.10786747932434,-326.9674587249756,99.37613652921894,15.965304970741272,-3.0,-0.4241150082346221,False,0.6,0.22425967454910278
23.2088680267334,-355.2008628845215,87.96504862649337,16.521825432777405,-4.0,-0.5654866776461628,False,0.6,-0.17522482573986053
23.309860229492188,-353.1211853027344,87.96504862649337,17.045438408851624,-4.0,-0.5654866776461628,False,0.6,-0.3145541548728943
23.410988330841064,-234.56777572631836,87.96504862649337,17.534556984901428,-4.0,-0.5654866776461628,False,0.6,0.4633321166038513
23.512019157409668,-223.72624397277832,87.96504862649337,17.995160698890686,-4.0,-0.5654866776461628,False,0.6,0.5153759717941284
23.61302614212036,-232.6067304611206,87.96504862649337,18.42813265323639,-4.0,-0.5654866776461628,False,0.6,0.300576388835907
23.714044332504272,-251.5674877166748,87.96504862649337,18.825509667396545,-4.0,-0.5654866776461628,False,0.6,0.21664077043533325
23.815061330795288,-190.73796272277832,87.96504862649337,19.2011696100235,-4.0,-0.5654866776461628,False,0.6,0.05948609113693237
23.91606879234314,-136.66892051696777,78.904645611694,19.537835717201233,-4.0,-0.5654866776461628,False,0.6,0.519079327583313
24.01695680618286,-167.46613025665283,78.904645611694,19.845365166664124,-4.0,-0.5654866776461628,False,0.6,0.14095959067344666
24.11809754371643,-181.28222465515137,78.904645611694,20.12678301334381,-4.0,-0.5654866776461628,False,0.6,-0.22889526188373566
24.219117641448975,-162.40792751312256,78.904645611694,20.372609734535217,-4.0,-0.5654866776461628,False,0.6,0.047840818762779236
24.3201322555542,-107.51408100128174,78.904645611694,20.591350197792053,-4.0,-0.5654866776461628,False,0.6,-0.030677035450935364
24.421159744262695,-96.36531829833984,78.904645611694,20.772103905677795,-4.0,-0.5654866776461628,False,0.6,0.24505802989006042
24.522157669067383,-93.44954252243042,0.0,20.92327654361725,-4.0,-0.5654866776461628,False,0.6,0.18208982050418854
24.6231746673584,-68.3423638343811,0.0,21.058738350868225,-4.0,-0.5654866776461628,False,0.6,0.035370368510484695
24.72651243209839,-39.59772706031799,0.0,21.152536034584045,-4.0,-0.5654866776461628,False,0.6,0.14190508425235748
24.830183029174805,-11.470295190811157,0.0,21.216237664222717,-4.0,-0.5654866776461628,False,0.6,0.2689548432826996
24.933319091796875,-9.799811840057373,0.0,21.25091326236725,-4.0,-0.5654866776461628,False,0.6,0.2877327799797058
25.03510332107544,-37.3595130443573,0.0,21.254918694496155,-4.0,-0.5654866776461628,False,0.6,-0.29278120398521423
25.136125087738037,18.357582092285156,0.0,21.25891077518463,-4.0,-0.5654866776461628,False,0.6,0.2719384729862213
25.237298727035522,-5.710764974355698,0.0,21.262330651283264,-4.0,-0.5654866776461628,False,0.6,-0.14505337178707123
25.33832597732544,43.165791034698486,0.0,21.26609194278717,-4.0,-0.5654866776461628,False,0.6,0.4979023039340973
25.439338207244873,0.1011404930613935,0.0,21.266469597816467,-4.0,-0.5654866776461628,False,0.6,0.1965404599905014
25.54036808013916,-35.18779635429382,0.0,21.267438530921936,-4.0,-0.5654866776461628,False,0.6,-0.08414287120103836
25.641366720199585,-54.54663276672363,0.0,21.26974642276764,-4.0,-0.5654866776461628,False,0.6,-0.48660632967948914
25.742401361465454,-15.646119117736816,0.0,21.26979410648346,-4.0,-0.5654866776461628,False,0.6,-0.25120651721954346
25.843476057052612,-25.096435546875,0.0,21.270116448402405,-4.0,-0.5654866776461628,False,0.6,-0.21070422232151031
25.944432973861694,-29.446098804473877,0.0,21.27027666568756,-4.0,-0.5654866776461628,False,0.6,-0.30276164412498474
26.04545497894287,-67.44184255599976,0.0,21.271321892738342,-4.0,-0.5654866776461628,False,0.6,-0.3960767388343811
26.146515607833862,55.22491693496704,0.0,21.276092171669006,-4.0,-0.5654866776461628,False,0.6,0.5990055203437805
26.247535705566406,11.951931416988373,0.0,21.277677178382874,-4.0,-0.5654866776461628,False,0.6,0.10988302528858185
26.348551511764526,36.444958448410034,0.0,21.27926218509674,-4.0,-0.5654866776461628,False,0.6,0.42727741599082947
26.44957399368286,-42.47279405593872,0.0,21.28262484073639,-4.0,-0.5654866776461628,False,0.6,-0.2720135450363159
26.550586700439453,-22.8216290473938,0.0,21.283084511756897,-4.0,-0.5654866776461628,False,0.6,-0.1038142740726471
26.651606559753418,2.1492887288331985,0.0,21.28501856327057,-4.0,-0.5654866776461628,False,0.6,0.32567670941352844
26.75261902809143,-2.2008072584867477,0.0,21.285194039344788,-4.0,-0.5654866776461628,False,0.6,0.30880677700042725
26.853651523590088,-2.090836465358734,0.0,21.286044716835022,-4.0,-0.5654866776461628,False,0.6,0.2968611419200897
26.954648971557617,1.1278141289949417,0.0,21.28665316104889,-4.0,-0.5654866776461628,False,0.6,0.3288688361644745
27.05567455291748,-0.06174637237563729,0.0,21.28745996952057,-4.0,-0.5654866776461628,False,0.6,0.2810957729816437
27.156676530838013,0.008438269724138081,0.0,21.28752291202545,-4.0,-0.5654866776461628,False,0.6,0.2893769443035126
27.257696390151978,0.33343255519866943,0.0,21.287633538246155,-4.0,-0.5654866776461628,False,0.6,0.2957035303115845
27.358712673187256,-1.204814650118351,0.0,21.287898659706116,-4.0,-0.5654866776461628,False,0.6,0.25040677189826965
27.45972204208374,-1.3585946336388588,0.0,21.288106560707092,-4.0,-0.5654866776461628,False,0.6,0.24405352771282196
27.56074023246765,1.9812029600143433,0.0,21.288156151771545,-4.0,-0.5654866776461628,False,0.6,0.26401636004447937
27.66175603866577,0.7782316580414772,0.0,21.28821337223053,-4.0,-0.5654866776461628,False,0.6,0.2386138141155243
27.762811183929443,-1.3827358558773994,0.0,21.28874170780182,-4.0,-0.5654866776461628,False,0.6,0.18903622031211853
27.86379361152649,-1.4900237694382668,0.0,21.288846611976624,-4.0,-0.5654866776461628,False,0.6,0.17231564223766327
27.964818239212036,1.1175306513905525,0.0,21.28892481327057,-4.0,-0.5654866776461628,False,0.6,0.16303381323814392
28.065842628479004,-0.0876756850630045,0.0,21.289355874061584,-4.0,-0.5654866776461628,False,0.6,0.1422310322523117
28.166842222213745,-1.1489355191588402,0.0,21.289758324623108,-4.0,-0.5654866776461628,False,0.6,0.13937440514564514
28.26836061477661,-2.2508760541677475,0.0,21.290544152259827,-4.0,-0.5654866776461628,False,0.6,0.13550178706645966
28.369379997253418,-1.2571173906326294,0.0,21.29066240787506,-4.0,-0.5654866776461628,False,0.6,0.1323860138654709
28.470399856567383,-2.0300401747226715,0.0,21.290853142738342,-4.0,-0.5654866776461628,False,0.6,0.12128173559904099
28.571426391601562,-1.165028102695942,0.0,21.290923714637756,-4.0,-0.5654866776461628,False,0.6,0.12900026142597198
28.672438144683838,0.07907070452347398,0.0,21.290990471839905,-4.0,-0.5654866776461628,False,0.6,0.101704441010952
28.773306131362915,-0.13952946290373802,0.0,21.291293740272522,-4.0,-0.5654866776461628,False,0.6,0.12697429955005646
28.87417507171631,-0.7930946722626686,0.0,21.291350960731506,-4.0,-0.5654866776461628,False,0.6,0.13076315820217133
28.97507953643799,0.5685736052691936,0.0,21.29148828983307,-4.0,-0.5654866776461628,False,0.6,0.13088232278823853
29.076069831848145,-0.709051787853241,0.0,21.291677117347717,-4.0,-0.5654866776461628,False,0.6,0.11721035093069077
29.17707848548889,0.3669612854719162,0.0,21.291682839393616,-4.0,-0.5654866776461628,False,0.6,0.11798185855150223
29.27810311317444,1.4165988564491272,0.0,21.291709542274475,-4.0,-0.5654866776461628,False,0.6,0.12166593223810196
29.37911605834961,-0.508333258330822,0.0,21.291867852211,-4.0,-0.5654866776461628,False,0.6,0.1027863547205925
29.480119943618774,1.0325950384140015,0.0,21.29197084903717,-4.0,-0.5654866776461628,False,0.6,0.10236217826604843
29.581144332885742,-0.9938142076134682,0.0,21.292157769203186,-4.0,-0.5654866776461628,False,0.6,0.09678957611322403
29.682156562805176,0.9172601625323296,0.0,21.292823433876038,-4.0,-0.5654866776461628,False,0.6,0.1448303759098053
29.78318214416504,1.6982309147715569,0.0,21.293798089027405,-4.0,-0.5654866776461628,False,0.6,0.17642565071582794
29.884195804595947,-0.12656520120799541,0.0,21.294030785560608,-4.0,-0.5654866776461628,False,0.6,0.21168413758277893
29.985223054885864,1.8225062638521194,0.0,21.294213891029358,-4.0,-0.5654866776461628,False,0.6,0.23878531157970428
30.086236238479614,-0.7533091306686401,0.0,21.29445230960846,-4.0,-0.5654866776461628,False,0.6,0.23264652490615845
30.18723964691162,-1.3322201371192932,0.0,21.296029686927795,-4.0,-0.5654866776461628,False,0.6,0.19049488008022308
30.288259267807007,0.07102182833477855,0.0,21.29732096195221,-4.0,-0.5654866776461628,False,0.6,0.17010514438152313
30.389281034469604,1.6195504367351532,0.0,21.297690987586975,-4.0,-0.5654866776461628,False,0.6,0.17602530121803284
30.490293979644775,0.6932934746146202,0.0,21.298007607460022,-4.0,-0.5654866776461628,False,0.6,0.1451883763074875
30.591312885284424,-2.2481967508792877,0.0,21.29856264591217,-4.0,-0.5654866776461628,False,0.6,0.05593805015087128
30.6923348903656,-0.000952682203205768,0.0,21.2985702753067,-4.0,-0.5654866776461628,False,0.6,0.051306288689374924
30.79335880279541,-0.8480833098292351,0.0,21.29861605167389,-4.0,-0.5654866776461628,False,0.6,0.020847057923674583
30.89437699317932,-1.579432412981987,0.0,21.298621773719788,-4.0,-0.5654866776461628,False,0.6,-0.021610865369439125
30.99540114402771,0.3276191186159849,0.0,21.29873812198639,-4.0,-0.5654866776461628,False,0.6,-0.02256479114294052
31.096400022506714,0.3714288678020239,0.0,21.298749566078186,-4.0,-0.5654866776461628,False,0.6,-0.03175842761993408
31.197413444519043,1.7505311965942383,0.0,21.29921305179596,-4.0,-0.5654866776461628,False,0.6,-0.051950663328170776
31.29843258857727,0.20334407687187195,0.0,21.29984438419342,-4.0,-0.5654866776461628,False,0.6,-0.07342991977930069
31.399449110031128,1.5337199717760086,0.0,21.300246834754944,-4.0,-0.5654866776461628,False,0.6,-0.06149527058005333
31.500478267669678,1.2458297610282898,0.0,21.300572991371155,-4.0,-0.5654866776461628,False,0.6,-0.06146280840039253
31.60149621963501,-0.5284515023231506,0.0,21.300740838050842,-4.0,-0.5654866776461628,False,0.6,-0.07399515062570572
31.70256233215332,0.27352988719940186,0.0,21.301047921180725,-4.0,-0.5654866776461628,False,0.6,-0.05415472015738487
31.80357551574707,0.6575330346822739,0.0,21.301080346107483,-4.0,-0.5654866776461628,False,0.6,-0.05964502692222595
31.9045991897583,-0.787283219397068,0.0,21.301372170448303,-4.0,-0.5654866776461628,False,0.6,-0.05356941744685173
32.00561594963074,0.07504760753363371,0.0,21.30168116092682,-4.0,-0.5654866776461628,False,0.6,-0.03356792405247688
32.10661602020264,-0.05056952708400786,0.0,21.301761269569397,-4.0,-0.5654866776461628,False,0.6,-0.04237069562077522
32.20764207839966,-0.6835705786943436,0.0,21.301801323890686,-4.0,-0.5654866776461628,False,0.6,-0.037678103893995285
32.30864763259888,0.038837516913190484,0.0,21.30187952518463,-4.0,-0.5654866776461628,False,0.6,-0.014550259336829185
32.40967059135437,-1.2155433744192123,0.0,21.302098870277405,-4.0,-0.5654866776461628,False,0.6,-0.02926900051534176
32.51067662239075,-0.16769370529800653,0.0,21.302228569984436,-4.0,-0.5654866776461628,False,0.6,-0.01190020889043808
32.61171841621399,1.2990283593535423,0.0,21.302470803260803,-4.0,-0.5654866776461628,False,0.6,0.015297201462090015
32.712709188461304,1.0232074186205864,0.0,21.302472710609436,-4.0,-0.5654866776461628,False,0.6,0.01089514046907425
32.813775062561035,-1.3357959687709808,0.0,21.302579522132874,-4.0,-0.5654866776461628,False,0.6,0.005986399948596954
32.915218114852905,-1.1377594247460365,0.0,21.302741646766663,-4.0,-0.5654866776461628,False,0.6,0.02112601138651371
33.0164897441864,-0.5999766290187836,0.0,21.30277979373932,-4.0,-0.5654866776461628,False,0.6,0.013959930278360844
33.11750531196594,-0.11449642013758421,0.0,21.302823662757874,-4.0,-0.5654866776461628,False,0.6,0.034449927508831024
33.218791246414185,-2.2312062978744507,0.0,21.30287516117096,-4.0,-0.5654866776461628,False,0.6,0.024167010560631752
33.31981110572815,-1.1927450448274612,0.0,21.302899956703186,-4.0,-0.5654866776461628,False,0.6,0.03970319405198097
33.42081356048584,1.4702410250902176,0.0,21.302938103675842,-4.0,-0.5654866776461628,False,0.6,0.07863478362560272
33.521846532821655,1.1246830970048904,0.0,21.303012490272522,-4.0,-0.5654866776461628,False,0.6,0.09308721870183945
33.62284851074219,1.7313093692064285,0.0,21.303264260292053,-4.0,-0.5654866776461628,False,0.6,0.07798841595649719
33.723901987075806,-1.1900636181235313,0.0,21.30332911014557,-4.0,-0.5654866776461628,False,0.6,0.06494013965129852
33.82491397857666,0.12019580695778131,0.0,21.303351998329163,-4.0,-0.5654866776461628,False,0.6,0.09432203322649002
33.92592191696167,-0.07783970329910517,0.0,21.30347979068756,-4.0,-0.5654866776461628,False,0.6,0.06592810153961182
34.02693700790405,-0.7680610008537769,0.0,21.303523659706116,-4.0,-0.5654866776461628,False,0.6,0.07136078923940659
34.12794589996338,1.0933924466371536,0.0,21.30360186100006,-4.0,-0.5654866776461628,False,0.6,0.0859580859541893
34.22896957397461,1.3231682404875755,0.0,21.303701043128967,-4.0,-0.5654866776461628,False,0.6,0.08740588277578354
34.32997798919678,-0.055040098959580064,0.0,21.3037086725235,-4.0,-0.5654866776461628,False,0.6,0.08128854632377625
34.43149209022522,1.390223354101181,0.0,21.303733468055725,-4.0,-0.5654866776461628,False,0.6,0.09171663224697113
34.53250551223755,-0.9602857008576393,0.0,21.30375063419342,-4.0,-0.5654866776461628,False,0.6,0.08478731662034988
34.63336753845215,-0.023748105741105974,0.0,21.30375635623932,-4.0,-0.5654866776461628,False,0.6,0.07806213945150375
34.73423194885254,-0.3929991368204355,0.0,21.303836464881897,-4.0,-0.5654866776461628,False,0.6,0.07004883885383606
34.83514356613159,2.1948856115341187,0.0,21.30389368534088,-4.0,-0.5654866776461628,False,0.6,0.08070199191570282
34.93613600730896,-0.0188309425720945,0.0,21.30389940738678,-4.0,-0.5654866776461628,False,0.6,0.08328674733638763
35.037171602249146,0.014249297382775694,0.0,21.303935647010803,-4.0,-0.5654866776461628,False,0.6,0.07499843835830688
35.138208866119385,0.5247634649276733,0.0,21.30399477481842,-4.0,-0.5654866776461628,False,0.6,0.07877877354621887
35.239171743392944,-1.585688665509224,0.0,21.30407679080963,-4.0,-0.5654866776461628,False,0.6,0.052029844373464584
35.34018898010254,1.9959553331136703,0.0,21.304153084754944,-4.0,-0.5654866776461628,False,0.6,0.09895936399698257
35.441206216812134,-1.300479881465435,0.0,21.304200768470764,-4.0,-0.5654866776461628,False,0.6,0.05722332000732422
35.54221248626709,0.24179072119295597,0.0,21.304233193397522,-4.0,-0.5654866776461628,False,0.6,0.07231448590755463
35.64323830604553,1.2471720948815346,0.0,21.304250359535217,-4.0,-0.5654866776461628,False,0.6,0.072768434882164
35.74424409866333,-0.780130997300148,0.0,21.30429995059967,-4.0,-0.5654866776461628,False,0.6,0.04991603642702103
35.84526062011719,-0.32460255548357964,0.0,21.30439531803131,-4.0,-0.5654866776461628,False,0.6,0.06691815704107285
35.94627857208252,-0.04788818769156933,0.0,21.304479241371155,-4.0,-0.5654866776461628,False,0.6,0.04378597065806389
36.04727911949158,0.5301273241639137,0.0,21.304486870765686,-4.0,-0.5654866776461628,False,0.6,0.059471771121025085
36.148317098617554,-1.2405776605010033,0.0,21.304545998573303,-4.0,-0.5654866776461628,False,0.6,0.06123705208301544
36.249330282211304,-0.42518592439591885,0.0,21.30459177494049,-4.0,-0.5654866776461628,False,0.6,0.05069325491786003
36.35034370422363,0.7482806593179703,0.0,21.304599404335022,-4.0,-0.5654866776461628,False,0.6,0.06385675817728043
36.45136570930481,-0.49894675612449646,0.0,21.30464518070221,-4.0,-0.5654866776461628,False,0.6,0.06024925410747528
36.55237340927124,1.185927651822567,0.0,21.304811120033264,-4.0,-0.5654866776461628,False,0.6,0.07527650892734528
36.65338659286499,-0.9710154309868813,0.0,21.304887413978577,-4.0,-0.5654866776461628,False,0.6,0.0692482590675354
36.75442361831665,-0.30046356841921806,0.0,21.30489695072174,-4.0,-0.5654866776461628,False,0.6,0.07381586730480194
36.855451822280884,0.8318752236664295,0.0,21.304898858070374,-4.0,-0.5654866776461628,False,0.6,0.06478411704301834
36.956462144851685,0.016036031884141266,0.0,21.304925560951233,-4.0,-0.5654866776461628,False,0.6,0.06937269866466522
37.057470083236694,-20.97850799560547,0.0,21.321767449378967,-4.0,-0.5654866776461628,False,1.2,0.1592283993959427
37.15897870063782,6.993238627910614,0.0,21.39054834842682,-4.0,-0.5654866776461628,False,1.2,0.5967778563499451
37.259990215301514,-99.41206455230713,0.0,21.512927651405334,-3.0,-0.4241150082346221,False,1.2,-0.16316893696784973
37.36100673675537,-86.58182859420776,0.0,21.681188225746155,-3.0,-0.4241150082346221,False,1.2,0.16623380780220032
37.462024450302124,-192.31842041015625,0.0,21.903056740760803,-3.0,-0.4241150082346221,False,1.2,-0.3470313847064972
37.56304359436035,-204.81455326080322,0.0,22.175384163856506,-3.0,-0.4241150082346221,False,1.2,-0.28308069705963135
37.66405749320984,-166.56472206115723,0.0,22.49570620059967,-3.0,-0.4241150082346221,False,1.2,0.4057147800922394
37.76507830619812,-266.6092872619629,0.0,22.87116777896881,-3.0,-0.4241150082346221,False,1.2,0.0018582791090011597
37.86591053009033,-299.3401336669922,0.0,23.29643213748932,-3.0,-0.4241150082346221,False,1.2,-0.03536307439208031
37.96677827835083,-270.63262939453125,0.0,23.771230340003967,-3.0,-0.4241150082346221,False,1.2,0.2740568518638611
38.06770944595337,-308.1082248687744,0.0,24.2995468378067,-3.0,-0.4241150082346221,False,1.2,0.07603682577610016
38.168686389923096,-309.1628837585449,0.0,24.873889565467834,-3.0,-0.4241150082346221,False,1.2,0.5452244877815247
38.26969361305237,-329.51053619384766,0.0,25.5023056268692,-3.0,-0.4241150082346221,False,1.2,0.5992569327354431
38.37057185173035,-385.1707935333252,0.0,26.18134081363678,-3.0,-0.4241150082346221,False,1.2,0.467846542596817
38.471715211868286,-411.3584232330322,51.84031522164331,26.91364824771881,-4.0,-0.5654866776461628,False,1.2,0.4082101881504059
38.57274866104126,-503.6265563964844,51.84031522164331,27.694862008094788,-4.0,-0.5654866776461628,False,1.2,0.035755936056375504
38.673757791519165,-550.0210189819336,51.84031522164331,28.528897881507874,-4.0,-0.5654866776461628,False,1.2,-0.26782166957855225
38.775259494781494,-443.0782413482666,51.84031522164331,29.369285225868225,-4.0,-0.5654866776461628,False,1.2,0.5561766624450684
38.876280069351196,-490.6215476989746,51.84031522164331,30.21590769290924,-4.0,-0.5654866776461628,False,1.2,-0.024426057934761047
38.977290391922,-468.43311309814453,51.84031522164331,31.05594789981842,-4.0,-0.5654866776461628,False,1.2,0.2305520623922348
39.07830882072449,-436.75034523010254,67.94867336348015,31.879003167152405,-5.0,-0.7068583470577035,False,1.2,0.3171791732311249
39.179327964782715,-496.4578056335449,67.94867336348015,32.67180407047272,-5.0,-0.7068583470577035,False,1.2,-0.3225913643836975
39.28034234046936,-429.5522403717041,98.58068054285171,33.43071138858795,-5.0,-0.7068583470577035,False,1.2,0.3855707347393036
39.381356716156006,-436.24754905700684,98.58068054285171,34.16191256046295,-5.0,-0.7068583470577035,False,1.2,0.08779818564653397
39.48237586021423,-439.45326805114746,98.58068054285171,34.864328026771545,-5.0,-0.7068583470577035,False,1.2,-0.15930980443954468
39.58339834213257,-324.2607021331787,98.58068054285171,35.530519127845764,-5.0,-0.7068583470577035,False,1.2,0.6338150501251221
39.68441295623779,-354.64433670043945,98.58068054285171,36.1710067987442,-5.0,-0.7068583470577035,False,1.2,0.1262916475534439
39.78543043136597,-298.04898262023926,92.2491242301904,36.780187249183655,-6.0,-0.8482300164692442,False,1.2,0.3228035569190979
39.88644623756409,-308.94633293151855,92.2491242301904,37.35944902896881,-6.0,-0.8482300164692442,False,1.2,0.06202263385057449
39.98746848106384,-301.2733268737793,92.2491242301904,37.90266573429108,-6.0,-0.8482300164692442,False,1.2,0.3316763937473297
40.08833312988281,-347.2745704650879,92.2491242301904,38.42350924015045,-6.0,-0.8482300164692442,False,1.2,-0.41355612874031067
40.18921446800232,-257.87647247314453,92.2491242301904,38.906312584877014,-6.0,-0.8482300164692442,False,1.2,0.15364740788936615
40.29011297225952,-244.07598495483398,92.2491242301904,39.36043703556061,-6.0,-0.8482300164692442,False,1.2,0.32907259464263916
40.391085147857666,-246.93580627441406,92.2491242301904,39.7874618768692,-6.0,-0.8482300164692442,False,1.2,-0.09965772926807404
40.492112159729004,-185.10931491851807,86.6817991748535,40.17778551578522,-6.0,-0.8482300164692442,False,1.2,0.4821567237377167
40.593120098114014,-157.87709712982178,86.6817991748535,40.54202044010162,-6.0,-0.8482300164692442,False,1.2,0.5326679348945618
40.694135904312134,-182.32076168060303,86.6817991748535,40.87716448307037,-6.0,-0.8482300164692442,False,1.2,-0.019790828227996826
40.79514956474304,-204.87751007080078,86.6817991748535,41.18074190616608,-6.0,-0.8482300164692442,False,1.2,-0.3295839726924896
40.89615035057068,-77.43794918060303,66.4177562512528,41.449987053871155,-7.0,-0.9896016858807849,False,1.2,0.630370020866394
40.99715256690979,-167.3951768875122,66.4177562512528,41.69192659854889,-7.0,-0.9896016858807849,False,1.2,-0.15853439271450043
41.098047733306885,-87.2002387046814,53.83295410134211,41.90177309513092,-7.0,-0.9896016858807849,False,1.2,0.21060331165790558
41.19899344444275,-112.44956016540527,53.83295410134211,42.08434450626373,-7.0,-0.9896016858807849,False,1.2,-0.22179457545280457
41.30021572113037,-139.1980218887329,53.83295410134211,42.232728600502014,-7.0,-0.9896016858807849,False,1.2,-0.4682792127132416
41.401228189468384,-117.78246402740479,53.83295410134211,42.35349428653717,-7.0,-0.9896016858807849,False,1.2,-0.5381767749786377
41.50225615501404,-96.507568359375,53.83295410134211,42.44139635562897,-7.0,-0.9896016858807849,False,1.2,-0.4762389063835144
41.60328412055969,28.012468814849854,53.83295410134211,42.49757158756256,-7.0,-0.9896016858807849,False,1.2,0.2377777397632599
41.70428276062012,12.510209083557129,53.83295410134211,42.52226793766022,-7.0,-0.9896016858807849,False,1.2,0.2837841808795929
41.805325984954834,5.254377722740173,0.0,42.52361071109772,-7.0,-0.9896016858807849,False,1.2,0.24433095753192902
41.90632104873657,44.28501605987549,0.0,42.525766015052795,-7.0,-0.9896016858807849,False,1.2,0.28103235363960266
42.00735807418823,42.64822483062744,0.0,42.52589952945709,-7.0,-0.9896016858807849,False,1.2,0.2701472043991089
42.108360290527344,-39.15381073951721,0.0,42.528295159339905,-7.0,-0.9896016858807849,False,1.2,-0.41438961029052734
42.2093710899353,-30.391920804977417,0.0,42.53011476993561,-7.0,-0.9896016858807849,False,1.2,-0.21885427832603455
42.310391902923584,-74.45904493331909,0.0,42.531259179115295,-7.0,-0.9896016858807849,False,1.2,-0.5432971715927124
42.411399126052856,-19.876967668533325,0.0,42.5320907831192,-7.0,-0.9896016858807849,False,1.2,-0.22073796391487122
42.51247525215149,-45.84518551826477,0.0,42.53729021549225,-7.0,-0.9896016858807849,False,1.2,-0.21689146757125854
42.61342239379883,-1.218811310827732,0.0,42.5397926568985,-7.0,-0.9896016858807849,False,1.2,0.28256699442863464
42.714438676834106,-3.298194408416748,0.0,42.54249727725983,-7.0,-0.9896016858807849,False,1.2,0.26743263006210327
42.8159396648407,0.2669075969606638,0.0,42.54540407657623,-7.0,-0.9896016858807849,False,1.2,0.28363853693008423
42.916954040527344,-1.0221181064844131,0.0,42.5466171503067,-7.0,-0.9896016858807849,False,1.2,0.23995646834373474
43.017817974090576,1.3663892447948456,0.0,42.546727776527405,-7.0,-0.9896016858807849,False,1.2,0.26599961519241333
43.11899018287659,-1.7351393401622772,0.0,42.546788811683655,-7.0,-0.9896016858807849,False,1.2,0.2384636104106903
43.22000241279602,-1.4785407856106758,0.0,42.54680025577545,-7.0,-0.9896016858807849,False,1.2,0.23296716809272766
43.32102131843567,-1.2322242558002472,0.0,42.54684603214264,-7.0,-0.9896016858807849,False,1.2,0.23713180422782898
43.421876192092896,-1.4338375255465508,0.0,42.546857476234436,-7.0,-0.9896016858807849,False,1.2,0.25533145666122437
43.52274703979492,0.5646320432424545,0.0,42.546937584877014,-7.0,-0.9896016858807849,False,1.2,0.2815627157688141
43.62367582321167,1.1026384681463242,0.0,42.546994805336,-7.0,-0.9896016858807849,False,1.2,0.25790318846702576
43.724634408950806,-0.5545197241008282,0.0,42.547059655189514,-7.0,-0.9896016858807849,False,1.2,0.2568482458591461
43.82563924789429,-1.185956709086895,0.0,42.54713976383209,-7.0,-0.9896016858807849,False,1.2,0.24995799362659454
43.92665362358093,0.4705309309065342,0.0,42.54715883731842,-7.0,-0.9896016858807849,False,1.2,0.26003989577293396
44.02767777442932,0.582512877881527,0.0,42.54717791080475,-7.0,-0.9896016858807849,False,1.2,0.25676730275154114
44.128681898117065,0.9133187681436539,0.0,42.54721224308014,-7.0,-0.9896016858807849,False,1.2,0.2681387960910797
44.229700803756714,-1.1526528373360634,0.0,42.54735338687897,-7.0,-0.9896016858807849,False,1.2,0.2299204170703888
44.330708503723145,-1.2228376418352127,0.0,42.54966127872467,-7.0,-0.9896016858807849,False,1.2,0.1343500316143036
44.43173623085022,-0.8953850716352463,0.0,42.550477623939514,-7.0,-0.9896016858807849,False,1.2,0.11578382551670074
44.53277850151062,-1.1586881428956985,0.0,42.55051577091217,-7.0,-0.9896016858807849,False,1.2,0.06034419685602188
44.63376188278198,2.2249194234609604,0.0,42.55062639713287,-7.0,-0.9896016858807849,False,1.2,0.06227559968829155
44.73477625846863,0.982610285282135,0.0,42.55063021183014,-7.0,-0.9896016858807849,False,1.2,0.0008225217461585999
44.835827112197876,0.1837590616196394,0.0,42.55139696598053,-7.0,-0.9896016858807849,False,1.2,-0.025409704074263573
44.93681526184082,1.0391611978411674,0.0,42.55222475528717,-7.0,-0.9896016858807849,False,1.2,-0.024314621463418007
45.03782892227173,-0.38263237103819847,0.0,42.552621483802795,-7.0,-0.9896016858807849,False,1.2,-0.03543053939938545
45.1388475894928,-0.3171421028673649,0.0,42.55293047428131,-7.0,-0.9896016858807849,False,1.2,-0.02547554485499859
45.23987627029419,-1.503349430859089,0.0,42.55319368839264,-7.0,-0.9896016858807849,False,1.2,-0.052810195833444595
45.34087538719177,0.580950602889061,0.0,42.55342638492584,-7.0,-0.9896016858807849,False,1.2,-0.039063725620508194
45.44189143180847,-1.0505028069019318,0.0,42.55343019962311,-7.0,-0.9896016858807849,False,1.2,-0.07290682196617126
45.54291820526123,-1.5983433276414871,0.0,42.553563714027405,-7.0,-0.9896016858807849,False,1.2,-0.0862673968076706
45.64440703392029,0.7497074827551842,0.0,42.55373537540436,-7.0,-0.9896016858807849,False,1.2,-0.04432198032736778
45.745426177978516,-1.226857379078865,0.0,42.55373537540436,-7.0,-0.9896016858807849,False,1.2,-0.05760231986641884
45.84644174575806,1.277431882917881,0.0,42.55388414859772,-7.0,-0.9896016858807849,False,1.2,-0.04206649214029312
45.94730758666992,0.17392647452652454,0.0,42.55393373966217,-7.0,-0.9896016858807849,False,1.2,-0.04383349046111107
46.048184394836426,0.6951695680618286,0.0,42.5539528131485,-7.0,-0.9896016858807849,False,1.2,-0.05585528910160065
46.14907908439636,0.7541782781481743,0.0,42.554017663002014,-7.0,-0.9896016858807849,False,1.2,-0.036175765097141266
46.250065088272095,-1.2201505154371262,0.0,42.554139733314514,-7.0,-0.9896016858807849,False,1.2,-0.04355169087648392
46.35106682777405,-1.3234150037169456,0.0,42.55429995059967,-7.0,-0.9896016858807849,False,1.2,-0.03430173173546791
46.45208740234375,0.6895831972360611,0.0,42.55443727970123,-7.0,-0.9896016858807849,False,1.2,-0.040712468326091766
46.5531051158905,-0.6863904185593128,0.0,42.55457079410553,-7.0,-0.9896016858807849,False,1.2,-0.0306458231061697
46.65411567687988,-0.3584902547299862,0.0,42.55458605289459,-7.0,-0.9896016858807849,False,1.2,-0.03858653083443642
46.755122900009155,0.5351319909095764,0.0,42.5546737909317,-7.0,-0.9896016858807849,False,1.2,-0.034957967698574066
46.856136083602905,0.4522069450467825,0.0,42.5546852350235,-7.0,-0.9896016858807849,False,1.2,-0.01694357767701149
46.95715260505676,-1.307322420179844,0.0,42.55473864078522,-7.0,-0.9896016858807849,False,1.2,-0.04938330501317978
47.05814743041992,-0.3312217444181442,0.0,42.55474627017975,-7.0,-0.9896016858807849,False,1.2,-0.04461393132805824
47.15917468070984,0.5373670533299446,0.0,42.554750084877014,-7.0,-0.9896016858807849,False,1.2,-0.022396409884095192
47.260191917419434,-0.6555457413196564,0.0,42.55482256412506,-7.0,-0.9896016858807849,False,1.2,-0.045966923236846924
47.361204624176025,1.5570531785488129,0.0,42.55500566959381,-7.0,-0.9896016858807849,False,1.2,-0.005059781018644571
47.46222686767578,-0.30998820438981056,0.0,42.55510866641998,-7.0,-0.9896016858807849,False,1.2,-0.03060089237987995
47.56324219703674,-2.0388957113027573,0.0,42.55511248111725,-7.0,-0.9896016858807849,False,1.2,-0.04142043739557266
47.66427564620972,0.5206028558313847,0.0,42.55512773990631,-7.0,-0.9896016858807849,False,1.2,-0.025498222559690475
47.76525568962097,0.3728572838008404,0.0,42.55513918399811,-7.0,-0.9896016858807849,False,1.2,-0.01864638365805149
47.86627793312073,-0.5131657049059868,0.0,42.555177330970764,-7.0,-0.9896016858807849,False,1.2,-0.02899431623518467
47.9673125743866,-1.3124637678265572,0.0,42.55525362491608,-7.0,-0.9896016858807849,False,1.2,-0.03713512420654297
48.068328619003296,0.693158246576786,0.0,42.55533754825592,-7.0,-0.9896016858807849,False,1.2,-0.01637309044599533
48.16932821273804,0.08474379312247038,0.0,42.555368065834045,-7.0,-0.9896016858807849,False,1.2,-0.025806929916143417
48.270344972610474,-2.0154259353876114,0.0,42.555455803871155,-7.0,-0.9896016858807849,False,1.2,-0.05276252329349518
48.37137722969055,0.20790215581655502,0.0,42.55546724796295,-7.0,-0.9896016858807849,False,1.2,-0.028508394956588745
48.47287178039551,0.6193976663053036,0.0,42.5555282831192,-7.0,-0.9896016858807849,False,1.2,-0.016551516950130463
48.57373404502869,-1.1998111009597778,0.0,42.555543541908264,-7.0,-0.9896016858807849,False,1.2,-0.01200684905052185
48.67490243911743,-0.3931363485753536,0.0,42.55557024478912,-7.0,-0.9896016858807849,False,1.2,-0.0031766369938850403
48.77591896057129,0.6904764845967293,0.0,42.55558931827545,-7.0,-0.9896016858807849,False,1.2,-0.01049500796943903
48.87678623199463,0.21281963679939508,0.0,42.55567705631256,-7.0,-0.9896016858807849,False,1.2,-0.023427100852131844
48.977951526641846,-0.07886993000283837,0.0,42.55567705631256,-7.0,-0.9896016858807849,False,1.2,-0.003430180251598358
49.07881283760071,0.36302363499999046,0.0,42.55569612979889,-7.0,-0.9896016858807849,False,1.2,-0.015447741374373436
49.17968416213989,-0.988362617790699,0.0,42.55571138858795,-7.0,-0.9896016858807849,False,1.2,-0.02323632873594761
49.28058981895447,-2.3149386048316956,0.0,42.55575335025787,-7.0,-0.9896016858807849,False,1.2,-0.03490504249930382
49.38154649734497,0.05658139823935926,0.0,42.555783867836,-7.0,-0.9896016858807849,False,1.2,-0.019873609766364098
49.48256206512451,-1.6041533276438713,0.0,42.55588686466217,-7.0,-0.9896016858807849,False,1.2,-0.014316133223474026
49.583582401275635,0.6350443325936794,0.0,42.55594789981842,-7.0,-0.9896016858807849,False,1.2,-0.021094338968396187
49.68458342552185,0.9048296883702278,0.0,42.555951714515686,-7.0,-0.9896016858807849,False,1.2,0.003619341179728508
49.78560018539429,-1.0889460146427155,0.0,42.55598986148834,-7.0,-0.9896016858807849,False,1.2,-0.021087180823087692
49.886651039123535,-0.4503560811281204,0.0,42.556039452552795,-7.0,-0.9896016858807849,False,1.2,-0.01006966084241867
49.98764133453369,-1.787213645875454,0.0,42.556134819984436,-7.0,-0.9896016858807849,False,1.2,-0.02971905842423439
50.08865928649902,-0.3801708575338125,0.0,42.55621111392975,-7.0,-0.9896016858807849,False,1.2,-0.0014912680489942431
50.18967247009277,-2.004472464323044,0.0,42.55622637271881,-7.0,-0.9896016858807849,False,1.2,-0.023808222264051437
50.29068613052368,-0.7453985139727592,0.0,42.55625307559967,-7.0,-0.9896016858807849,False,1.2,-0.0118792075663805
50.39171075820923,0.3952107299119234,0.0,42.5562607049942,-7.0,-0.9896016858807849,False,1.2,-0.0012139410246163607
50.49270939826965,0.23070143535733223,0.0,42.55631411075592,-7.0,-0.9896016858807849,False,1.2,-0.007828276604413986
50.593727588653564,0.20991495810449123,0.0,42.55632936954498,-7.0,-0.9896016858807849,False,1.2,0.0016399817541241646
50.694751262664795,-1.5455912053585052,0.0,42.556398034095764,-7.0,-0.9896016858807849,False,1.2,-0.017513209953904152
50.795769453048706,-1.9045604020357132,0.0,42.55641710758209,-7.0,-0.9896016858807849,False,1.2,-0.0257298294454813
50.8967924118042,-1.4928417652845383,0.0,42.55643618106842,-7.0,-0.9896016858807849,False,1.2,-0.01706024445593357
50.997780561447144,-0.5169645510613918,0.0,42.55648195743561,-7.0,-0.9896016858807849,False,1.2,0.0020702374167740345
51.09879803657532,0.6712531484663486,0.0,42.55655825138092,-7.0,-0.9896016858807849,False,1.2,-0.0047098142094910145
51.2005717754364,-1.3334747403860092,0.0,42.55659639835358,-7.0,-0.9896016858807849,False,1.2,-0.023160483688116074
51.3015878200531,-0.9847875684499741,0.0,42.55659639835358,-7.0,-0.9896016858807849,False,1.2,0.0015575643628835678
51.40259861946106,0.08228491293266416,0.0,42.55660021305084,-7.0,-0.9896016858807849,False,1.2,-0.026503248140215874
51.503658056259155,0.8165406435728073,0.0,42.556623101234436,-7.0,-0.9896016858807849,False,1.2,0.008466534316539764
51.60466957092285,0.015230649732984602,0.0,42.5566269159317,-7.0,-0.9896016858807849,False,1.2,0.014271438121795654
51.7056930065155,-0.5978779681026936,0.0,42.55671846866608,-7.0,-0.9896016858807849,False,1.2,-0.023159634321928024
51.806971311569214,-1.5567678585648537,0.0,42.556798577308655,-7.0,-0.9896016858807849,False,1.2,-0.004209732636809349
51.9079749584198,2.4522408843040466,0.0,42.556886315345764,-7.0,-0.9896016858807849,False,1.2,0.0030272509902715683
52.00899362564087,1.5087736397981644,0.0,42.55701220035553,-7.0,-0.9896016858807849,False,1.2,0.009136385284364223
52.110002756118774,-0.22058125119656324,0.0,42.557138085365295,-7.0,-0.9896016858807849,False,1.2,-0.017591120675206184
52.21101188659668,0.7975403219461441,0.0,42.55719530582428,-7.0,-0.9896016858807849,False,1.2,0.0133007587864995
52.312023878097534,0.47455765306949615,0.0,42.557233452796936,-7.0,-0.9896016858807849,False,1.2,0.012087085284292698
52.41303038597107,0.6321378797292709,0.0,42.55727159976959,-7.0,-0.9896016858807849,False,1.2,0.010197251103818417
52.513916015625,-0.14167907182127237,0.0,42.55728304386139,-7.0,-0.9896016858807849,False,1.2,0.00634787417948246
52.61506175994873,0.12050725053995848,0.0,42.55730593204498,-7.0,-0.9896016858807849,False,1.2,0.004442695528268814
52.71607542037964,0.38358704186975956,0.0,42.55732882022858,-7.0,-0.9896016858807849,False,1.2,0.018779296427965164
52.81709671020508,-1.353590078651905,0.0,42.557408928871155,-7.0,-0.9896016858807849,False,1.2,-0.003930679988116026
52.91811275482178,0.03534704097546637,0.0,42.557477593421936,-7.0,-0.9896016858807849,False,1.2,-0.005394038278609514
53.01911783218384,0.5337908305227757,0.0,42.55754244327545,-7.0,-0.9896016858807849,False,1.2,-0.0020414344035089016
53.120131492614746,0.8616917207837105,0.0,42.55757296085358,-7.0,-0.9896016858807849,False,1.2,0.006967970170080662
53.221184968948364,0.703665018081665,0.0,42.5576149225235,-7.0,-0.9896016858807849,False,1.2,-0.004656076431274414
53.322173833847046,-0.7947958074510098,0.0,42.55764925479889,-7.0,-0.9896016858807849,False,1.2,0.0011690305545926094
53.423182010650635,0.7295927032828331,0.0,42.55767595767975,-7.0,-0.9896016858807849,False,1.2,0.011837105266749859
53.524195432662964,-2.4059101939201355,0.0,42.55801546573639,-7.0,-0.9896016858807849,False,1.8,0.08961347490549088
53.625202655792236,-66.57530307769775,0.0,42.59439241886139,-7.0,-0.9896016858807849,False,1.8,-0.06886593997478485
53.72623682022095,-120.80732345581055,0.0,42.68387758731842,-7.0,-0.9896016858807849,False,1.8,-0.3047049641609192
53.82724475860596,-76.14885807037354,0.0,42.8206650018692,-7.0,-0.9896016858807849,False,1.8,0.32097509503364563
53.92826509475708,-127.7245044708252,0.0,43.00905382633209,-7.0,-0.9896016858807849,False,1.8,0.270015686750412
54.02926182746887,-100.49551248550415,0.0,43.251020073890686,-7.0,-0.9896016858807849,False,1.8,0.5155537128448486
54.13028001785278,-159.48469161987305,0.0,43.542306542396545,-7.0,-0.9896016858807849,False,1.8,0.42849642038345337
54.231303691864014,-255.65929412841797,0.0,43.88722765445709,-7.0,-0.9896016858807849,False,1.8,-0.20991720259189606
54.3328070640564,-308.40843200683594,0.0,44.28179323673248,-7.0,-0.9896016858807849,False,1.8,-0.4532713294029236
54.433817863464355,-319.74609375,0.0,44.72754442691803,-7.0,-0.9896016858807849,False,1.8,-0.2095227986574173
54.534836769104004,-312.51136779785156,0.0,45.22331774234772,-7.0,-0.9896016858807849,False,1.8,0.04575670138001442
54.63585662841797,-364.8135566711426,0.0,45.77049791812897,-7.0,-0.9896016858807849,False,1.8,0.0029154978692531586
54.73670673370361,-410.36630630493164,0.0,46.36765444278717,-8.0,-1.1309733552923256,False,1.8,-0.07110146433115005
54.83756065368652,-374.60686683654785,0.0,47.01252520084381,-8.0,-1.1309733552923256,False,1.8,0.44225770235061646
54.93847846984863,-416.28015518188477,0.0,47.70589220523834,-8.0,-1.1309733552923256,False,1.8,0.5946576595306396
55.03946232795715,-477.02831268310547,0.0,48.44198381900787,-8.0,-1.1309733552923256,False,1.8,0.8049870133399963
55.14046382904053,-408.3973217010498,0.0,49.10470354557037,-8.0,-1.1309733552923256,False,1.8,1.1760448217391968
55.2414824962616,-421.51413917541504,0.0,49.83789598941803,-8.0,-1.1309733552923256,False,1.8,1.2395522594451904
55.34248089790344,-544.9558639526367,0.0,50.51686251163483,-8.0,-1.1309733552923256,False,1.8,1.1269991397857666
55.443511724472046,-257.1104907989502,0.0,51.08802568912506,-8.0,-1.1309733552923256,False,1.8,1.2947032451629639
55.54450273513794,-388.7764835357666,80.34831682732079,51.73637545108795,-9.0,-1.2723450247038663,False,1.8,1.2705804109573364
55.645522117614746,-1.3296226412057877,80.34831682732079,51.89992296695709,-9.0,-1.2723450247038663,False,1.8,1.4192794561386108
55.74659204483032,-1.0505050420761108,80.34831682732079,51.900182366371155,-9.0,-1.2723450247038663,False,1.8,1.3558876514434814
55.847570180892944,-0.04372713854536414,80.34831682732079,51.90071642398834,-9.0,-1.2723450247038663,False,1.8,1.403775930404663
55.94858503341675,-0.5713960155844688,80.34831682732079,51.90133059024811,-9.0,-1.2723450247038663,False,1.8,1.409176230430603
56.04957604408264,1.1204631999135017,80.34831682732079,51.90151751041412,-9.0,-1.2723450247038663,False,1.8,1.3760465383529663
56.15044403076172,0.04590253229252994,80.34831682732079,51.902082085609436,-9.0,-1.2723450247038663,False,1.8,1.3799973726272583
56.25136399269104,-0.2294158050790429,80.34831682732079,51.90239489078522,-9.0,-1.2723450247038663,False,1.8,1.4055434465408325
56.3526394367218,0.38603886030614376,80.34831682732079,51.90253984928131,-9.0,-1.2723450247038663,False,1.8,1.3861218690872192
56.45364594459534,-8.92866164445877,80.34831682732079,51.91219484806061,-9.0,-1.2723450247038663,False,1.8,1.3782832622528076
56.55467987060547,-330.09827613830566,80.34831682732079,52.10345232486725,-9.0,-1.2723450247038663,False,1.8,1.189900279045105
56.65569448471069,-370.3656005859375,80.34831682732079,52.63031542301178,-9.0,-1.2723450247038663,False,1.8,1.1571555137634277
56.7567138671875,-340.89649200439453,0.0,53.100133538246155,-9.0,-1.2723450247038663,False,1.8,1.1860719919204712
56.857728719711304,-448.7945079803467,0.0,53.76439821720123,-9.0,-1.2723450247038663,False,1.8,1.1641191244125366
56.95922231674194,-455.4251003265381,0.0,54.460424065589905,-9.0,-1.2723450247038663,False,1.8,1.1409600973129272
57.060237646102905,-419.04627799987793,0.0,55.203744530677795,-9.0,-1.2723450247038663,False,1.8,1.1790279150009155
57.161251068115234,-239.74084854125977,0.0,55.848764061927795,-9.0,-1.2723450247038663,False,1.8,1.3016997575759888
57.26226782798767,-322.745361328125,33.923355273267845,56.2934433221817,-10.0,-1.413716694115407,False,1.8,1.2528265714645386
57.36328363418579,-201.3550901412964,33.923355273267845,56.88738787174225,-10.0,-1.413716694115407,False,1.8,1.2905893325805664
57.46429800987244,-270.07381439208984,0.0,57.136510491371155,-10.0,-1.413716694115407,False,1.8,1.2538403272628784
57.56515860557556,-399.88635063171387,0.0,57.64034426212311,-10.0,-1.413716694115407,False,1.8,1.1987059116363525
57.66601800918579,-65.8674430847168,0.0,57.93378221988678,-10.0,-1.413716694115407,False,1.8,1.353496789932251
57.76694083213806,-337.79419898986816,0.0,58.24141466617584,-10.0,-1.413716694115407,False,1.8,1.2247660160064697
57.86789274215698,-252.6284122467041,0.0,58.82305681705475,-10.0,-1.413716694115407,False,1.8,1.2786455154418945
57.96893095970154,-322.49324798583984,0.0,59.25375139713287,-10.0,-1.413716694115407,False,1.8,1.21553635597229
58.06992197036743,-302.93389320373535,0.0,59.90325701236725,-10.0,-1.413716694115407,False,1.8,1.2018824815750122
58.17094802856445,-350.1914405822754,0.0,60.4240700006485,-10.0,-1.413716694115407,False,1.8,1.2148642539978027
58.27193641662598,-93.02939414978027,0.0,60.91555941104889,-10.0,-1.413716694115407,False,1.8,1.3088420629501343
58.372955083847046,-213.7924575805664,52.89190165644067,61.08393633365631,-11.0,-1.5550883635269477,False,1.8,1.2539739608764648
58.47396445274353,-349.97331619262695,52.89190165644067,61.56550753116608,-11.0,-1.5550883635269477,False,1.8,1.208836555480957
58.57498216629028,-46.88156247138977,52.89190165644067,61.87349855899811,-11.0,-1.5550883635269477,False,1.8,1.361336350440979
58.6759831905365,-14.14787381887436,52.89190165644067,61.88833391666412,-11.0,-1.5550883635269477,False,1.8,1.3628826141357422
58.777016401290894,-20.24415135383606,52.89190165644067,61.91341936588287,-11.0,-1.5550883635269477,False,1.8,1.3448901176452637
58.87803316116333,-21.054545044898987,52.89190165644067,61.93533098697662,-11.0,-1.5550883635269477,False,1.8,1.334417462348938
58.979048013687134,-173.3013153076172,52.89190165644067,62.04060137271881,-11.0,-1.5550883635269477,False,1.8,1.2457709312438965
59.08006238937378,-310.4246234893799,52.89190165644067,62.46977388858795,-11.0,-1.5550883635269477,False,1.8,1.1818459033966064
59.18105745315552,-138.2330846786499,52.89190165644067,62.9279762506485,-11.0,-1.5550883635269477,False,1.8,1.414819598197937
59.282087564468384,-289.7322177886963,0.0,63.37423098087311,-11.0,-1.5550883635269477,False,1.8,1.2429535388946533
59.383599281311035,-65.93994855880737,0.0,63.709027886390686,-11.0,-1.5550883635269477,False,1.8,0.8850823640823364
59.48461318016052,-5.323258638381958,0.0,63.753854393959045,-11.0,-1.5550883635269477,False,1.8,1.1787233352661133
59.58562707901001,-4.284351468086243,0.0,63.76741945743561,-11.0,-1.5550883635269477,False,1.8,1.0976605415344238
59.6866455078125,-0.4019656218588352,0.0,63.77060091495514,-11.0,-1.5550883635269477,False,1.8,1.20867919921875
59.787660121917725,-1.0831345617771149,0.0,63.77259981632233,-11.0,-1.5550883635269477,False,1.8,1.2172762155532837
59.88852572441101,1.2186479195952415,0.0,63.77417528629303,-11.0,-1.5550883635269477,False,1.8,1.275734305381775
59.989410400390625,-1.8186181783676147,0.0,63.77504885196686,-11.0,-1.5550883635269477,False,1.8,1.2746390104293823
60.090301752090454,-1.154213547706604,0.0,63.77615129947662,-11.0,-1.5550883635269477,False,1.8,1.2731860876083374
60.19128441810608,0.30379087664186954,0.0,63.77670061588287,-11.0,-1.5550883635269477,False,1.8,1.316908836364746
60.29228091239929,-0.9124787896871567,0.0,63.776925683021545,-11.0,-1.5550883635269477,False,1.8,1.303774118423462
60.393295764923096,0.839785672724247,0.0,63.77699816226959,-11.0,-1.5550883635269477,False,1.8,1.3069666624069214
60.494306564331055,0.4952339641749859,0.0,63.7770859003067,-11.0,-1.5550883635269477,False,1.8,1.2927019596099854
60.59531855583191,-0.9149373695254326,0.0,63.77725374698639,-11.0,-1.5550883635269477,False,1.8,1.3111201524734497
60.696333169937134,1.1372871324419975,0.0,63.77730333805084,-11.0,-1.5550883635269477,False,1.8,1.3167461156845093
60.79734134674072,-1.0534071922302246,0.0,63.77783739566803,-11.0,-1.5550883635269477,False,1.8,1.3136414289474487
60.89835238456726,-0.13318581506609917,0.0,63.77785646915436,-11.0,-1.5550883635269477,False,1.8,1.3035831451416016
60.99984550476074,0.31541350297629833,0.0,63.77791368961334,-11.0,-1.5550883635269477,False,1.8,1.3001337051391602
61.101125955581665,0.04596256767399609,0.0,63.77802813053131,-11.0,-1.5550883635269477,False,1.8,1.2954376935958862
